pancakes,eggs,grilled cheese,ramen,hot dog,mac and cheese,rice,cupcakes
piano,drums,chello,guitar,organ,symbols,harp,keyboard
dress,skirt,necklace,heels,braclet,earrings,makeup,scarf
chair,pens,food,paper,passwords,computer,jacket,money
sit,laydown,stop,roll over,run,eat,play dead,go
wallet,phone,keys,change,lint,watch,pens,glasses
plate,fork,knife,spoon,glass,napkin,salt,butter
yard sign,lawn statue,fountain,pond,holiday signs,childrens toys,mower,hose
math,art,technology,history,science,cooking,language,gym
mcdonalds,Burger King,wendys,white castle,arbys,taco bell,pizzahut,kfc
google,facebook,twitter,wikipedia,yahoo,reddit,youtube,amazon
vanilla,chocolate,strawberry,mint chocolate chip,brownie,pecan,coffee,cotton candy